<?xml version="1.0" encoding="UTF-8"?>
<!DOCTYPE suite SYSTEM "https://testng.org/testng-1.0.dtd">
<suite name="Suite">
	<test thread-count="5" name="Test">
		<classes>
			<class name="TestLayerPackage.Login_verify_Test" />
			<class name="TestLayerPackage.Booking_ASC_DSC_Test" />
			<class name="TestLayerPackage.fetchBookingDetails_Test" />
			<class name="TestLayerPackage.UpdateCostPrice_Test" />
			<class name="TestLayerPackage.assign_driver_or_supplier_Test" />
			<class name="TestLayerPackage.GetTheDriverDutySheet_Test" />
			<class name="TestLayerPackage.EmailDetails_Test" />
			<class name="TestLayerPackage.priorTime_Test" />
			<class name="TestLayerPackage.AssignTransfer_Test" />
			<class name="TestLayerPackage.TransferDashboardFinal_Test" />
			<class name="TestLayerPackage.transfer_List_new_cnaupc_Test" />
		</classes>
	</test> <!-- Test -->
</suite> <!-- Suite -->
